Cp_con,YK0138
0.1,1.5719999999999998
1.0,1.3519999999999999
5.0,0.063
10.0,0.003
100.0,0.001
1000.0,0.001
