Strain,Strain2,average,stdev,,
Sample 1,190702_75,0.043142857,4.112356129,,
Sample 2,190711_65,0.286777778,3.408483086,,
Sample 3,190712_9,0.0666,3.755423556,,
Sample 4,190724_5A,1.267269231,4.031808235,,
Sample 5,190729_10B,0.884,4.672658629,,
Sample 6,190724_10F,235.2156129,105.3073626,,
YK0083,YK0083,204.76475,66.92053363,,
YK0085,YK0085,2.244073171,6.142757188,,FL_dataから
W3110,W3110_F3,0.914657895,5.744372444,,FL_dataから