Cp_con,YK0136
0.1,1.599
1.0,1.614
10.0,1.571
50.0,1.5290000000000001
100.0,1.3840000000000001
200.0,0.001
1000.0,0.0
